country	BCELoss	total_accuracy	hamming_accuracy	event_accuracy_sent	event_accuracy_label	mean_f1	mean_precision	mean_recall
italy	-0.14185	0.688	0.956	0.588	0.944	0.942	0.944	0.943
uk	-0.17576	0.494	0.927	0.49	0.921	0.917	0.921	0.924
norway	-0.34271	0.464	0.911	0.381	0.893	0.874	0.893	0.901
france	-0.18413	0.617	0.944	0.595	0.94	0.941	0.94	0.945
hungary	-0.06606	0.9	0.988	0	0.875	0.875	0.875	0.875
poland	-0.0137	1	1	1	1	1	1	1
belgium	-0.07303	0.817	0.971	0.545	0.92	0.92	0.92	0.921
netherlands	-0.11194	0.611	0.938	0.75	0.953	0.951	0.953	0.967
average	-0.1386475	0.698875	0.954375	0.543625	0.93075	0.9275	0.93075	0.9345
