country	BCELoss	total_accuracy	hamming_accuracy	event_accuracy_sent	event_accuracy_label	mean_f1	mean_precision	mean_recall
italy	-0.10667	0.72	0.96	0.569	0.936	0.933	0.936	0.938
uk	-0.14558	0.593	0.935	0.531	0.918	0.915	0.918	0.921
norway	-0.21582	0.464	0.915	0.429	0.905	0.893	0.905	0.887
france	-0.15413	0.702	0.947	0.69	0.943	0.941	0.943	0.945
hungary	-0.03757	0.9	0.988	0	0.875	0.875	0.875	0.875
poland	-0.03456	1	1	1	1	1	1	1
belgium	-0.05659	0.847	0.979	0.667	0.951	0.949	0.951	0.957
netherlands	-0.10926	0.611	0.944	0.625	0.938	0.93	0.938	0.961
average	-0.1075225	0.729625	0.9585	0.563875	0.93325	0.9295	0.93325	0.9355
