country	BCELoss	total_accuracy	hamming_accuracy	event_accuracy_sent	event_accuracy_label	mean_f1	mean_precision	mean_recall
italy	-0.1133	0.753	0.969	0.956	0.914	0.904	0.914	0.92
uk	-0.15098	0.605	0.934	0.429	0.901	0.885	0.901	0.906
norway	-0.24088	0.5	0.929	0.429	0.917	0.899	0.917	0.91
france	-0.18189	0.553	0.92	0.524	0.914	0.909	0.914	0.909
hungary	-0.04302	0.9	0.988	0	0.875	0.875	0.875	0.875
poland	-0.07245	0.8	0.975	0.778	0.972	0.966	0.972	0.963
belgium	-0.06584	0.84	0.978	0.424	0.92	0.907	0.92	0.904
netherlands	-0.14218	0.667	0.938	0.5	0.906	0.883	0.906	0.885
average	-0.1263175	0.70225	0.953875	0.505	0.914875	0.9035	0.914875	0.909
