country	BCELoss	total_accuracy	hamming_accuracy	event_accuracy_sent	event_accuracy_label	mean_f1	mean_precision	mean_recall
italy	-0.1133	0.753	0.969	0.647	0.956	0.954	0.956	0.954
uk	-0.14421	0.704	0.958	0.592	0.941	0.938	0.941	0.947
norway	-0.27879	0.393	0.906	0.238	0.881	0.866	0.881	0.866
france	-0.21132	0.638	0.934	0.643	0.932	0.929	0.932	0.93
hungary	-0.02029	1	1	1	1	1	1	1
poland	-0.06403	0.8	0.975	0.778	0.972	0.966	0.972	0.963
belgium	-0.071	0.809	0.971	0.424	0.909	0.901	0.909	0.904
netherlands	-0.15453	0.556	0.931	0.5	0.922	0.919	0.922	0.933
average	-0.13218375	0.706625	0.9555	0.60275	0.939125	0.934125	0.939125	0.937125
