country	BCELoss	total_accuracy	hamming_accuracy	event_accuracy_sent	event_accuracy_label	mean_f1	mean_precision	mean_recall
italy	-0.11885	0.731	0.954	0.569	0.924	0.918	0.924	0.927
uk	-0.14285	0.642	0.94	0.531	0.916	0.906	0.916	0.916
norway	-0.23557	0.429	0.915	0.286	0.893	0.864	0.893	0.849
france	-0.15941	0.638	0.939	0.643	0.938	0.933	0.938	0.93
hungary	-0.04193	0.9	0.988	0	0.875	0.875	0.875	0.875
poland	-0.16965	0.6	0.95	0.556	0.944	0.935	0.944	0.95
belgium	-0.05466	0.855	0.978	0.515	0.924	0.916	0.924	0.926
netherlands	-0.13364	0.611	0.938	0.625	0.922	0.912	0.922	0.952
average	-0.13207	0.67575	0.95025	0.465625	0.917	0.907375	0.917	0.915625
